{"campaign_id":"ABCDFAE","date":"2018-10-12","hour":13,"type":"store_name","value":"BurgerKing","event":{"click":1,"impression":1}}
{"campaign_id":"ABCDFAE","date":"2018-09-12","hour":13,"type":"store_name","value":"McDonald","event":{"impression":1}}
{"campaign_id":"ABCDFAE","date":"2018-10-12","hour":13,"type":"store_name","value":"McDonald","event":{"click":1,"impression":1}}
{"campaign_id":"ABCDFAE","date":"2018-10-12","hour":13,"type":"store_name","value":"shoppers stop","event":{"video ad":1}}
